{
    "train_loss": [
        0.1812,
        0.1271,
        0.0908,
        0.0709,
        0.0615,
        0.0444,
        0.0258,
        0.0283
    ],
    "eval_loss": [
        0.18796174228191376,
        0.07502124458551407,
        0.08593641966581345,
        0.08593641966581345
    ],
    "train_f1": [],
    "eval_f1": [],
    "start_step": 300,
    "step_size": 300
}