{
    "train_loss": [
        0.1474,
        0.0856,
        0.0555
    ],
    "eval_loss": [
        0.07420368492603302,
        0.07682584226131439,
        0.07682584226131439
    ],
    "start_step": 500,
    "step_size": 500
}