{
    "5-fold": [
        0.8518176820771561,
        0.823290570601702,
        0.82864452556049,
        0.8276587256025183,
        0.8345208804072815
    ],
    "std": 0.009980147863789566,
    "mean": 0.8331864768498296,
    "CI": 0.019960295727579132
}